Date,Product,Region,Customer_Type,Quantity,Price,Discount,Revenue
2024-12-02,Apartment,Suburban,Tenant,6,1483.55,0.05,8456.23
2024-10-10,Condo,Suburban,Landlord,7,2288.55,0.13,13937.27
2024-08-10,House,Suburban,Tenant,7,971.61,0.21,5373.0
2024-09-04,House,Urban,Tenant,3,1858.58,0.19,4516.35
2024-01-08,Apartment,Urban,Landlord,6,2468.8,0.22,11553.98
2024-02-04,House,Suburban,Tenant,2,2888.83,0.25,4333.24
2024-01-03,Condo,Suburban,Landlord,1,1865.34,0.2,1492.27
2024-01-15,House,Suburban,Landlord,4,688.46,0.23,2120.46
2024-04-08,Condo,Suburban,Landlord,9,1577.92,0.19,11503.04
2024-03-30,Apartment,Urban,Tenant,10,2863.72,0.3,20046.04
2024-10-13,House,Urban,Tenant,10,1797.54,0.13,15638.6
2024-01-17,Condo,Suburban,Landlord,5,989.45,0.0,4947.25
2024-09-22,Condo,Suburban,Tenant,7,2503.62,0.23,13494.51
2024-07-06,House,Suburban,Tenant,2,2394.42,0.03,4645.17
2024-07-22,Apartment,Suburban,Tenant,5,580.28,0.17,2408.16
2024-12-09,House,Suburban,Landlord,2,2157.39,0.14,3710.71
2024-05-07,Condo,Suburban,Tenant,3,567.07,0.27,1241.88
2024-01-24,Condo,Urban,Landlord,4,1978.47,0.13,6885.08
2024-09-08,Condo,Suburban,Tenant,9,601.31,0.18,4437.67
2024-12-07,Condo,Urban,Landlord,4,1466.37,0.06,5513.55
2024-03-30,Condo,Urban,Tenant,8,785.83,0.07,5846.58
2024-12-14,Condo,Urban,Landlord,9,680.63,0.11,5451.85
2024-06-11,Condo,Suburban,Tenant,7,1117.27,0.17,6491.34
2024-09-26,Apartment,Suburban,Tenant,5,2776.06,0.24,10549.03
2024-02-21,House,Suburban,Tenant,1,1416.08,0.26,1047.9
2024-11-04,House,Suburban,Landlord,10,1101.54,0.12,9693.55
2024-09-10,House,Urban,Landlord,3,1761.53,0.14,4544.75
2024-05-20,Condo,Suburban,Tenant,2,964.77,0.23,1485.75
2024-09-23,Apartment,Urban,Tenant,8,1507.15,0.15,10248.62
2024-05-15,House,Suburban,Landlord,1,2011.98,0.21,1589.46
2024-04-09,House,Urban,Landlord,1,2543.0,0.25,1907.25
2024-07-30,Condo,Urban,Tenant,2,2970.33,0.14,5108.97
2024-08-21,Condo,Urban,Landlord,2,2376.43,0.21,3754.76
2024-03-06,House,Urban,Landlord,6,1509.67,0.18,7427.58
2024-04-28,House,Urban,Tenant,10,1032.04,0.25,7740.3
2024-05-23,House,Urban,Landlord,5,1999.95,0.19,8099.8
2024-01-21,House,Urban,Tenant,2,895.57,0.09,1629.94
2024-10-25,House,Urban,Landlord,3,959.18,0.11,2561.01
2024-04-07,Apartment,Suburban,Landlord,9,2569.06,0.24,17572.37
2024-05-27,Condo,Urban,Tenant,9,2649.32,0.03,23128.56
2024-01-26,Condo,Urban,Landlord,7,1501.28,0.25,7881.72
2024-04-07,House,Urban,Tenant,4,1764.15,0.19,5715.85
2024-06-02,Apartment,Urban,Tenant,1,1353.07,0.26,1001.27
2024-04-21,House,Suburban,Tenant,8,1163.73,0.16,7820.27
2024-10-30,Condo,Urban,Landlord,9,644.32,0.04,5566.92
2024-04-13,House,Suburban,Landlord,6,1277.36,0.02,7510.88
2024-02-05,Condo,Suburban,Tenant,2,1070.27,0.21,1691.03
2024-04-02,Condo,Urban,Tenant,2,577.05,0.09,1050.23
2024-10-10,House,Urban,Landlord,2,1116.96,0.12,1965.85
2024-10-04,Condo,Urban,Landlord,1,2657.68,0.02,2604.53
2024-03-27,Apartment,Suburban,Landlord,3,2697.11,0.01,8010.42
2024-08-15,House,Suburban,Landlord,1,1394.8,0.12,1227.42
2024-11-27,Apartment,Urban,Landlord,7,1988.65,0.2,11136.44
2024-08-20,Condo,Urban,Tenant,8,1576.82,0.3,8830.19
2024-05-21,House,Suburban,Landlord,6,1424.54,0.24,6495.9
2024-06-16,Condo,Suburban,Landlord,7,661.4,0.04,4444.61
2024-02-10,Apartment,Urban,Landlord,3,2905.76,0.04,8368.59
2024-06-26,Condo,Urban,Landlord,8,905.45,0.24,5505.14
2024-08-22,House,Urban,Tenant,2,944.96,0.01,1871.02
2024-12-20,Apartment,Suburban,Tenant,6,503.63,0.29,2145.46
2024-10-16,Condo,Urban,Landlord,5,685.03,0.18,2808.62
2024-12-18,House,Urban,Landlord,1,1491.57,0.08,1372.24
2024-04-11,Condo,Urban,Landlord,4,2401.54,0.13,8357.36
2024-09-23,Condo,Suburban,Landlord,4,2480.95,0.05,9427.61
2024-06-19,House,Urban,Tenant,3,2970.67,0.03,8644.65
2024-12-28,House,Suburban,Tenant,9,1852.39,0.12,14670.93
2024-06-29,Condo,Urban,Landlord,9,2610.8,0.19,19032.73
2024-04-07,House,Urban,Tenant,5,1813.33,0.09,8250.65
2024-09-03,House,Urban,Landlord,6,517.78,0.13,2702.81
2024-03-05,Condo,Suburban,Tenant,5,2175.45,0.05,10333.39
2024-09-16,House,Urban,Landlord,9,959.05,0.06,8113.56
2024-12-26,House,Suburban,Landlord,4,1862.78,0.02,7302.1
2024-01-01,House,Suburban,Landlord,3,610.78,0.03,1777.37
2024-03-16,Apartment,Suburban,Landlord,2,1586.08,0.14,2728.06
2024-09-20,Apartment,Urban,Tenant,5,2211.42,0.15,9398.54
2024-10-13,Apartment,Suburban,Landlord,6,2333.08,0.04,13438.54
2024-04-24,Apartment,Urban,Landlord,7,1432.33,0.21,7920.78
2024-09-22,Condo,Suburban,Tenant,7,1447.15,0.03,9826.15
2024-01-15,Condo,Urban,Landlord,1,2118.05,0.21,1673.26
2024-10-06,Condo,Urban,Tenant,5,2539.87,0.01,12572.36
2024-12-11,House,Suburban,Landlord,2,1748.67,0.04,3357.45
2024-02-14,Condo,Urban,Landlord,5,2706.23,0.28,9742.43
2024-04-20,Condo,Urban,Tenant,10,2307.48,0.11,20536.57
2024-06-02,House,Urban,Landlord,3,827.57,0.26,1837.21
2024-12-28,Apartment,Suburban,Landlord,7,623.2,0.12,3838.91
2024-07-12,Apartment,Suburban,Landlord,2,681.64,0.18,1117.89
2024-02-12,House,Urban,Tenant,10,542.72,0.15,4613.12
2024-11-03,Apartment,Suburban,Landlord,3,645.06,0.13,1683.61
2024-04-18,Condo,Urban,Tenant,5,2575.51,0.17,10688.37
2024-11-15,Condo,Suburban,Landlord,3,1655.55,0.18,4072.65
2024-09-02,Condo,Suburban,Landlord,7,1818.79,0.19,10312.54
2024-07-20,House,Suburban,Tenant,5,2103.76,0.22,8204.66
2024-03-25,House,Suburban,Landlord,4,1732.04,0.1,6235.34
2024-06-11,Condo,Suburban,Landlord,3,2874.89,0.25,6468.5
2024-02-13,Apartment,Suburban,Landlord,9,963.03,0.0,8667.27
2024-02-09,Condo,Urban,Tenant,4,1092.72,0.28,3147.03
2024-12-03,House,Urban,Landlord,7,2230.85,0.11,13898.2
2024-07-17,Condo,Suburban,Landlord,2,2056.76,0.24,3126.28
2024-10-15,Condo,Suburban,Tenant,3,547.91,0.19,1331.42
2024-01-17,Apartment,Suburban,Tenant,8,1602.53,0.06,12051.03
2024-02-07,House,Urban,Tenant,2,2047.87,0.05,3890.95
2024-10-26,House,Suburban,Landlord,10,917.17,0.05,8713.11
2024-08-15,Condo,Suburban,Landlord,9,741.13,0.21,5269.43
2024-03-18,Condo,Suburban,Landlord,6,1549.49,0.15,7902.4
2024-09-12,Condo,Urban,Tenant,2,1884.33,0.2,3014.93
2024-05-28,House,Urban,Landlord,6,1772.7,0.21,8402.6
2024-11-25,House,Suburban,Landlord,6,1861.99,0.11,9943.03
2024-09-11,House,Urban,Landlord,5,734.38,0.06,3451.59
2024-08-09,Condo,Suburban,Landlord,7,815.51,0.07,5308.97
2024-04-21,Condo,Urban,Landlord,8,689.25,0.17,4576.62
2024-06-15,House,Urban,Tenant,3,2002.21,0.21,4745.24
2024-03-27,Condo,Suburban,Tenant,10,1635.87,0.27,11941.85
2024-05-03,Apartment,Urban,Tenant,10,1311.41,0.09,11933.83
2024-09-06,Apartment,Suburban,Tenant,7,2137.58,0.29,10623.77
2024-08-21,Apartment,Urban,Landlord,3,2414.27,0.18,5939.1
2024-11-14,Apartment,Urban,Tenant,1,1054.67,0.13,917.56
2024-02-23,House,Urban,Landlord,4,2065.23,0.22,6443.52
2024-04-02,House,Urban,Tenant,3,1301.82,0.17,3241.53
2024-09-21,Apartment,Urban,Tenant,4,633.46,0.19,2052.41
2024-09-09,House,Suburban,Tenant,4,1502.85,0.13,5229.92
2024-05-06,Apartment,Urban,Landlord,1,1017.25,0.15,864.66
2024-01-03,House,Suburban,Landlord,7,2820.2,0.05,18754.33
2024-01-21,Condo,Urban,Landlord,3,2618.95,0.07,7306.87
2024-09-24,Apartment,Suburban,Landlord,10,1186.06,0.13,10318.72
2024-06-03,House,Urban,Tenant,5,2414.2,0.01,11950.29
2024-03-28,House,Urban,Tenant,3,928.63,0.0,2785.89
2024-12-18,Condo,Suburban,Tenant,7,1096.31,0.16,6446.3
2024-01-02,Apartment,Suburban,Landlord,3,2644.98,0.16,6665.35
2024-08-11,Condo,Suburban,Landlord,3,1635.33,0.28,3532.31
2024-10-21,Apartment,Suburban,Tenant,7,2394.96,0.14,14417.66
2024-11-09,House,Suburban,Tenant,2,576.01,0.29,817.93
2024-01-05,Condo,Suburban,Landlord,4,1320.68,0.25,3962.04
2024-04-27,Condo,Urban,Tenant,2,2727.8,0.05,5182.82
2024-06-20,Condo,Suburban,Tenant,10,579.06,0.03,5616.88
2024-10-15,House,Suburban,Landlord,6,2293.98,0.29,9772.35
2024-08-03,Apartment,Suburban,Tenant,2,2249.39,0.3,3149.15
2024-06-09,Condo,Urban,Tenant,5,1539.05,0.05,7310.49
2024-06-29,Apartment,Suburban,Landlord,2,2206.45,0.14,3795.09
2024-08-15,Apartment,Suburban,Tenant,1,1836.66,0.28,1322.4
2024-10-02,Apartment,Suburban,Landlord,6,1472.11,0.1,7949.39
2024-10-21,Apartment,Suburban,Tenant,3,1398.29,0.29,2978.36
2024-08-31,Apartment,Suburban,Tenant,5,2509.89,0.27,9161.1
2024-05-24,House,Urban,Tenant,6,2569.52,0.02,15108.78
2024-04-29,Apartment,Suburban,Tenant,6,1854.93,0.02,10906.99
2024-03-20,Apartment,Urban,Tenant,1,1998.37,0.01,1978.39
2024-11-16,Apartment,Urban,Tenant,10,920.43,0.22,7179.35
2024-09-12,Condo,Urban,Landlord,10,573.46,0.02,5619.91
2024-05-27,House,Urban,Landlord,1,2838.47,0.05,2696.55
2024-04-19,Apartment,Suburban,Landlord,3,702.37,0.03,2043.9
2024-04-25,Apartment,Urban,Landlord,1,2989.75,0.19,2421.7
2024-04-06,Apartment,Urban,Landlord,1,1937.56,0.23,1491.92
2024-03-12,House,Urban,Tenant,6,2690.54,0.15,13721.75
2024-12-02,Apartment,Suburban,Tenant,10,2573.48,0.03,24962.76
2024-08-06,House,Suburban,Landlord,10,1244.98,0.17,10333.33
2024-06-07,Condo,Suburban,Landlord,1,1540.73,0.14,1325.03
2024-02-15,Condo,Urban,Tenant,8,906.76,0.09,6601.21
2024-03-03,Condo,Urban,Tenant,4,2638.74,0.21,8338.42
2024-09-10,Condo,Suburban,Tenant,4,970.13,0.17,3220.83
2024-08-21,Apartment,Urban,Landlord,5,1625.57,0.03,7884.01
2024-01-16,House,Suburban,Landlord,1,2471.78,0.0,2471.78
2024-05-31,Condo,Urban,Tenant,2,540.47,0.08,994.46
2024-07-20,Condo,Urban,Tenant,1,1564.74,0.05,1486.5
2024-12-30,Condo,Suburban,Tenant,6,2741.92,0.25,12338.64
2024-02-13,Condo,Suburban,Tenant,10,2046.39,0.06,19236.07
2024-05-26,Apartment,Urban,Tenant,3,1950.43,0.28,4212.93
2024-09-01,Apartment,Suburban,Landlord,8,955.36,0.24,5808.59
2024-11-11,House,Suburban,Landlord,7,513.05,0.04,3447.7
2024-10-27,Condo,Urban,Tenant,3,1017.71,0.05,2900.47
2024-06-21,Condo,Suburban,Landlord,1,2630.55,0.27,1920.3
2024-01-07,Apartment,Urban,Landlord,10,2923.36,0.18,23971.55
2024-02-17,House,Urban,Landlord,8,2996.84,0.27,17501.55
2024-11-12,Apartment,Urban,Landlord,10,2895.25,0.15,24609.62
2024-08-05,House,Suburban,Landlord,3,1021.64,0.11,2727.78
2024-12-16,Condo,Suburban,Landlord,1,2837.29,0.2,2269.83
2024-02-02,Condo,Suburban,Landlord,5,680.45,0.06,3198.12
2024-03-31,House,Urban,Tenant,3,2423.73,0.23,5598.82
2024-09-28,House,Suburban,Tenant,1,1373.27,0.06,1290.87
2024-07-15,House,Urban,Tenant,9,1315.07,0.05,11243.85
2024-09-19,Condo,Urban,Tenant,9,2894.52,0.0,26050.68
2024-09-29,House,Suburban,Landlord,8,2797.4,0.11,19917.49
2024-08-03,Condo,Urban,Landlord,2,1534.28,0.1,2761.7
2024-12-25,Condo,Suburban,Tenant,1,1546.82,0.01,1531.35
2024-08-11,Condo,Urban,Tenant,1,2978.03,0.14,2561.11
2024-07-22,Condo,Urban,Landlord,6,770.52,0.3,3236.18
2024-06-22,Apartment,Suburban,Tenant,6,2681.01,0.11,14316.59
2024-03-18,House,Suburban,Landlord,5,1536.26,0.14,6605.92
2024-11-19,Condo,Urban,Landlord,8,1890.83,0.11,13462.71
2024-11-17,Condo,Suburban,Landlord,1,1724.59,0.26,1276.2
2024-04-07,House,Suburban,Tenant,5,977.33,0.2,3909.32
2024-03-15,Condo,Suburban,Tenant,7,1967.32,0.12,12118.69
2024-08-17,House,Urban,Tenant,10,2671.72,0.08,24579.82
2024-08-05,House,Suburban,Landlord,1,2314.33,0.18,1897.75
2024-11-16,House,Suburban,Tenant,5,2686.95,0.29,9538.67
2024-05-04,Condo,Suburban,Tenant,10,657.97,0.1,5921.73
2024-03-08,House,Urban,Tenant,7,563.99,0.2,3158.34
2024-04-16,House,Urban,Landlord,9,944.98,0.23,6548.71
2024-07-17,Apartment,Urban,Tenant,9,2857.34,0.07,23915.94
2024-04-20,House,Suburban,Tenant,9,1595.62,0.15,12206.49
2024-01-17,Apartment,Suburban,Tenant,1,1756.88,0.15,1493.35
2024-03-24,Condo,Urban,Tenant,3,891.23,0.16,2245.9
2024-09-20,Condo,Suburban,Landlord,5,2788.51,0.17,11572.32
2024-09-22,Apartment,Urban,Landlord,10,619.7,0.12,5453.36
2024-04-30,Condo,Urban,Tenant,5,1249.11,0.28,4496.8
2024-05-09,Apartment,Urban,Landlord,6,2185.49,0.29,9310.19
2024-10-03,House,Urban,Landlord,6,992.68,0.01,5896.52
2024-12-12,House,Urban,Landlord,8,671.89,0.06,5052.61
2024-05-29,House,Urban,Landlord,9,1254.75,0.27,8243.71
2024-10-07,Apartment,Urban,Landlord,9,1973.91,0.22,13856.85
2024-08-05,Apartment,Suburban,Tenant,3,530.99,0.21,1258.45
2024-11-02,Apartment,Suburban,Landlord,10,2463.68,0.12,21680.38
2024-04-05,Apartment,Urban,Landlord,4,1240.13,0.19,4018.02
2024-01-01,House,Suburban,Tenant,6,1355.17,0.27,5935.64
2024-12-03,House,Urban,Landlord,1,984.99,0.27,719.04
2024-04-02,Condo,Urban,Landlord,2,1122.9,0.15,1908.93
2024-10-11,House,Suburban,Tenant,9,2683.62,0.13,21012.74
2024-12-11,Apartment,Urban,Landlord,6,1917.71,0.24,8744.76
2024-03-08,Condo,Suburban,Landlord,4,2347.45,0.1,8450.82
2024-12-31,Condo,Urban,Tenant,4,1425.74,0.24,4334.25
2024-02-06,Apartment,Urban,Landlord,2,2203.47,0.18,3613.69
2024-07-15,House,Urban,Landlord,8,581.09,0.13,4044.39
2024-07-22,Apartment,Suburban,Tenant,2,2165.49,0.26,3204.93
2024-11-03,House,Suburban,Landlord,9,2697.77,0.07,22580.33
2024-10-14,Condo,Suburban,Landlord,5,2262.72,0.14,9729.7
2024-08-04,House,Suburban,Landlord,2,1620.82,0.12,2852.64
2024-10-17,Apartment,Urban,Landlord,8,2768.1,0.01,21923.35
2024-10-18,Condo,Suburban,Tenant,9,669.25,0.09,5481.16
2024-06-05,Condo,Urban,Tenant,7,648.88,0.08,4178.79
2024-10-17,Condo,Suburban,Landlord,8,1473.66,0.29,8370.39
2024-04-14,House,Urban,Tenant,4,1091.52,0.21,3449.2
2024-11-14,House,Suburban,Tenant,4,1269.93,0.28,3657.4
2024-07-23,House,Suburban,Landlord,2,2231.73,0.27,3258.33
2024-07-30,Condo,Urban,Tenant,2,536.71,0.24,815.8
2024-08-07,House,Suburban,Landlord,2,2396.36,0.09,4361.38
2024-03-30,House,Suburban,Tenant,8,1957.12,0.2,12525.57
2024-07-03,Condo,Suburban,Landlord,8,609.62,0.1,4389.26
2024-12-09,House,Suburban,Landlord,4,2023.89,0.12,7124.09
2024-04-21,House,Urban,Landlord,2,2098.82,0.18,3442.06
2024-07-29,Apartment,Urban,Landlord,9,1575.22,0.2,11341.58
2024-10-23,Apartment,Suburban,Landlord,6,2400.55,0.07,13395.07
2024-11-16,House,Urban,Landlord,4,1950.51,0.13,6787.77
2024-02-01,House,Suburban,Tenant,7,1431.77,0.15,8519.03
2024-02-21,House,Urban,Tenant,6,2595.99,0.01,15420.18
2024-11-03,Condo,Urban,Landlord,3,2960.5,0.07,8259.8
2024-05-28,House,Urban,Tenant,1,2652.54,0.29,1883.3
2024-07-10,Condo,Suburban,Landlord,6,811.3,0.29,3456.14
2024-09-09,Condo,Suburban,Landlord,1,526.3,0.11,468.41
2024-09-13,House,Urban,Landlord,10,1928.55,0.13,16778.38
2024-11-29,Apartment,Suburban,Landlord,10,889.95,0.21,7030.6
2024-05-21,Condo,Suburban,Tenant,5,2059.04,0.09,9368.63
2024-04-23,House,Urban,Tenant,4,2713.12,0.29,7705.26
2024-06-01,Apartment,Suburban,Tenant,6,1025.25,0.14,5290.29
2024-12-25,Condo,Urban,Landlord,2,1571.26,0.09,2859.69
2024-09-22,House,Suburban,Tenant,10,2958.18,0.25,22186.35
2024-06-15,House,Suburban,Tenant,7,606.35,0.24,3225.78
2024-12-03,Condo,Urban,Landlord,3,1059.63,0.13,2765.63
2024-08-17,House,Urban,Tenant,6,1143.54,0.03,6655.4
2024-11-18,Condo,Urban,Tenant,7,1473.83,0.07,9594.63
2024-08-17,House,Urban,Tenant,9,1805.68,0.1,14626.01
2024-06-16,House,Urban,Tenant,1,773.02,0.21,610.69
2024-02-07,Apartment,Suburban,Landlord,7,1293.78,0.17,7516.86
2024-09-19,House,Urban,Tenant,1,1935.31,0.26,1432.13
2024-03-23,Apartment,Suburban,Tenant,5,2813.34,0.01,13926.03
2024-02-29,Condo,Suburban,Landlord,3,2445.91,0.22,5723.43
2024-06-01,House,Suburban,Tenant,10,687.13,0.02,6733.87
2024-03-12,Condo,Urban,Landlord,7,1998.18,0.19,11329.68
2024-01-29,House,Suburban,Landlord,10,525.15,0.16,4411.26
2024-04-26,Apartment,Suburban,Tenant,10,2284.4,0.2,18275.2
2024-12-28,House,Urban,Tenant,8,1992.61,0.17,13230.93
2024-12-14,Apartment,Suburban,Tenant,5,1268.92,0.08,5837.03
2024-02-05,Condo,Suburban,Landlord,4,1409.15,0.23,4340.18
2024-11-29,Condo,Suburban,Tenant,9,812.0,0.03,7088.76
2024-06-01,Condo,Urban,Landlord,5,1091.64,0.08,5021.54
2024-02-25,Apartment,Suburban,Landlord,6,1286.5,0.03,7487.43
2024-10-13,Apartment,Urban,Tenant,4,2526.0,0.01,10002.96
2024-03-06,Condo,Urban,Tenant,7,2207.2,0.13,13441.85
2024-09-21,House,Suburban,Tenant,3,1292.61,0.25,2908.37
2024-05-10,Condo,Suburban,Landlord,2,1903.66,0.15,3236.22
2024-03-16,Apartment,Suburban,Landlord,8,2186.11,0.22,13641.33
2024-06-04,House,Suburban,Landlord,7,1970.05,0.05,13100.83
2024-06-23,House,Urban,Tenant,8,2502.03,0.03,19415.75
2024-05-17,Condo,Suburban,Landlord,3,1459.48,0.08,4028.16
2024-08-27,Condo,Suburban,Tenant,2,2890.27,0.29,4104.18
2024-08-03,Condo,Suburban,Landlord,2,1028.08,0.08,1891.67
2024-08-23,Apartment,Urban,Landlord,9,2054.76,0.07,17198.34
2024-03-19,Apartment,Urban,Tenant,10,1812.29,0.26,13410.95
2024-07-31,Apartment,Urban,Landlord,3,1118.17,0.26,2482.34
2024-03-21,Condo,Urban,Tenant,5,1804.73,0.2,7218.92
2024-05-25,Condo,Urban,Tenant,4,2478.04,0.1,8920.94
2024-04-28,Condo,Urban,Landlord,1,1738.05,0.26,1286.16
2024-12-10,Apartment,Urban,Tenant,8,1071.35,0.07,7970.84
2024-12-04,Apartment,Urban,Landlord,8,2174.63,0.1,15657.34
2024-10-23,Apartment,Urban,Landlord,1,775.88,0.08,713.81
2024-01-08,House,Urban,Landlord,1,744.23,0.21,587.94
2024-10-03,House,Suburban,Tenant,8,1881.07,0.24,11436.91
2024-01-12,Apartment,Urban,Landlord,3,2500.67,0.09,6826.83
2024-06-16,Condo,Urban,Landlord,8,1258.77,0.03,9768.06
2024-11-25,Condo,Urban,Tenant,10,2852.86,0.16,23964.02
2024-10-15,House,Urban,Tenant,3,872.26,0.08,2407.44
2024-09-18,Apartment,Urban,Tenant,5,2807.95,0.22,10951.0
2024-04-14,Condo,Urban,Landlord,7,2614.94,0.24,13911.48
2024-08-17,Apartment,Urban,Tenant,10,1493.74,0.18,12248.67
2024-04-18,Apartment,Suburban,Landlord,1,588.1,0.01,582.22
2024-05-11,House,Suburban,Landlord,8,2945.25,0.29,16729.02
2024-11-16,Condo,Suburban,Landlord,3,1468.37,0.19,3568.14
2024-09-20,Apartment,Urban,Tenant,9,2301.02,0.11,18431.17
2024-01-05,Condo,Urban,Landlord,2,2279.27,0.23,3510.08
2024-06-02,House,Urban,Landlord,9,2832.28,0.12,22431.66
2024-09-12,House,Suburban,Landlord,4,2285.39,0.01,9050.14
2024-02-06,Apartment,Suburban,Tenant,9,772.04,0.16,5836.62
2024-12-22,Condo,Urban,Landlord,10,542.19,0.1,4879.71
2024-12-15,Apartment,Urban,Landlord,4,1131.59,0.13,3937.93
2024-08-12,Condo,Urban,Tenant,5,920.52,0.18,3774.13
2024-07-26,Apartment,Suburban,Tenant,1,1972.68,0.24,1499.24
2024-12-31,Condo,Urban,Tenant,2,2790.06,0.21,4408.29
2024-12-30,Apartment,Urban,Landlord,9,2975.69,0.09,24370.9
2024-12-13,Apartment,Urban,Landlord,9,1160.25,0.25,7831.69
2024-09-24,Condo,Urban,Landlord,5,1673.74,0.01,8285.01
2024-11-06,Apartment,Suburban,Tenant,5,1057.1,0.02,5179.79
2024-05-01,Condo,Suburban,Tenant,6,2288.81,0.05,13046.22
2024-11-30,House,Urban,Tenant,9,1648.51,0.3,10385.61
2024-12-26,Condo,Urban,Tenant,4,1609.8,0.27,4700.62
2024-08-23,House,Urban,Tenant,10,2106.59,0.28,15167.45
2024-06-27,Condo,Urban,Landlord,8,2529.84,0.24,15381.43
2024-06-15,Apartment,Suburban,Landlord,9,892.08,0.13,6984.99
2024-10-28,Apartment,Suburban,Tenant,3,2555.83,0.18,6287.34
2024-04-15,House,Urban,Tenant,8,2827.86,0.15,19229.45
2024-11-24,Condo,Suburban,Landlord,6,855.15,0.2,4104.72
2024-09-07,House,Urban,Tenant,3,990.52,0.15,2525.83
2024-05-11,House,Suburban,Landlord,8,1711.81,0.24,10407.8
2024-11-19,House,Urban,Landlord,10,646.26,0.12,5687.09
2024-08-18,Condo,Urban,Tenant,10,2039.41,0.2,16315.28
2024-06-17,House,Urban,Tenant,3,2585.07,0.09,7057.24
2024-02-26,Condo,Suburban,Tenant,7,1946.49,0.02,13352.92
2024-06-17,Apartment,Urban,Tenant,5,1649.73,0.12,7258.81
2024-01-13,Condo,Urban,Tenant,4,2737.33,0.22,8540.47
2024-04-23,Condo,Urban,Landlord,10,1322.35,0.04,12694.56
2024-09-04,Condo,Urban,Landlord,9,515.21,0.17,3848.62
2024-04-14,Apartment,Suburban,Landlord,5,520.25,0.13,2263.09
2024-05-28,Condo,Urban,Landlord,6,1297.55,0.26,5761.12
2024-04-05,Condo,Suburban,Tenant,8,949.79,0.13,6610.54
2024-06-12,Apartment,Suburban,Tenant,9,1143.34,0.28,7408.84
2024-01-05,Condo,Urban,Landlord,8,1909.14,0.0,15273.12
2024-10-04,Apartment,Suburban,Tenant,1,1191.31,0.27,869.66
2024-06-07,Apartment,Urban,Landlord,8,2267.69,0.13,15783.12
2024-04-05,Apartment,Suburban,Tenant,9,2178.32,0.16,16468.1
2024-08-16,House,Urban,Tenant,1,2863.35,0.14,2462.48
2024-04-29,Apartment,Suburban,Tenant,8,2914.77,0.06,21919.07
2024-04-22,Apartment,Suburban,Tenant,3,858.59,0.14,2215.16
2024-12-14,Condo,Suburban,Tenant,7,1704.27,0.22,9305.31
2024-01-05,Apartment,Suburban,Tenant,6,2025.73,0.09,11060.49
2024-06-11,Apartment,Suburban,Landlord,7,2556.55,0.28,12885.01
2024-06-02,Apartment,Suburban,Tenant,10,683.11,0.28,4918.39
2024-06-02,House,Urban,Tenant,4,2755.12,0.06,10359.25
2024-07-29,House,Urban,Tenant,4,2987.02,0.05,11350.68
2024-12-13,Condo,Urban,Tenant,6,2422.42,0.19,11772.96
2024-11-16,Condo,Suburban,Tenant,5,1477.87,0.09,6724.31
2024-05-07,Condo,Urban,Tenant,3,2232.85,0.18,5492.81
2024-07-16,House,Urban,Tenant,7,1779.62,0.29,8844.71
2024-11-21,Apartment,Suburban,Landlord,3,1685.54,0.3,3539.63
2024-04-06,House,Suburban,Landlord,5,1901.06,0.23,7319.08
2024-05-05,Condo,Urban,Landlord,1,1904.05,0.12,1675.56
2024-03-16,House,Urban,Tenant,2,2973.5,0.22,4638.66
2024-07-12,Condo,Suburban,Landlord,10,1443.02,0.01,14285.9
2024-01-03,House,Urban,Tenant,9,1791.47,0.16,13543.51
2024-02-20,Condo,Urban,Tenant,8,1336.98,0.07,9947.13
2024-05-11,Condo,Urban,Landlord,4,2258.2,0.12,7948.86
2024-10-25,Condo,Suburban,Tenant,6,2380.19,0.19,11567.72
2024-10-07,Apartment,Suburban,Tenant,6,507.22,0.27,2221.62
2024-02-12,House,Urban,Landlord,1,2667.98,0.19,2161.06
2024-12-14,Apartment,Urban,Tenant,3,569.43,0.11,1520.38
2024-01-09,House,Urban,Landlord,8,2043.85,0.1,14715.72
2024-04-27,Condo,Suburban,Landlord,9,2139.09,0.1,17326.63
2024-03-20,House,Urban,Tenant,5,2676.77,0.18,10974.76
2024-05-16,House,Suburban,Landlord,8,2841.84,0.13,19779.21
2024-01-16,Apartment,Suburban,Landlord,8,1611.38,0.12,11344.12
2024-06-27,House,Urban,Tenant,5,2670.3,0.2,10681.2
2024-08-11,Condo,Urban,Tenant,2,2201.32,0.12,3874.32
2024-11-10,House,Urban,Landlord,4,2406.76,0.09,8760.61
2024-02-07,Apartment,Urban,Tenant,7,2311.41,0.0,16179.87
2024-04-27,House,Urban,Tenant,8,1920.44,0.26,11369.0
2024-12-26,Condo,Suburban,Tenant,7,1163.11,0.07,7571.85
2024-07-17,Condo,Urban,Tenant,9,2997.33,0.14,23199.33
2024-01-16,House,Suburban,Tenant,6,801.41,0.11,4279.53
2024-07-03,Apartment,Suburban,Tenant,8,1994.86,0.27,11649.98
2024-08-26,Apartment,Suburban,Landlord,7,2669.68,0.11,16632.11
2024-03-14,Condo,Suburban,Tenant,4,851.09,0.21,2689.44
2024-12-15,Apartment,Urban,Landlord,4,1709.19,0.12,6016.35
2024-08-12,Apartment,Urban,Tenant,10,872.88,0.25,6546.6
2024-01-27,Apartment,Suburban,Landlord,9,706.31,0.01,6293.22
2024-08-20,Apartment,Urban,Tenant,6,2527.54,0.14,13042.11
2024-02-20,Condo,Urban,Tenant,4,2137.73,0.25,6413.19
2024-02-14,House,Urban,Tenant,5,1451.87,0.29,5154.14
2024-02-10,Condo,Suburban,Landlord,7,2135.09,0.01,14796.17
2024-10-24,Apartment,Urban,Landlord,3,2917.91,0.21,6915.45
2024-08-20,House,Urban,Landlord,3,2946.39,0.19,7159.73
2024-08-03,Apartment,Suburban,Tenant,4,893.51,0.27,2609.05
2024-07-24,Apartment,Suburban,Tenant,10,2515.98,0.22,19624.64
2024-04-18,House,Suburban,Tenant,6,1946.58,0.0,11679.48
2024-12-21,House,Suburban,Tenant,4,2459.99,0.15,8363.97
2024-03-31,Apartment,Urban,Tenant,6,1224.24,0.06,6904.71
2024-12-25,Condo,Urban,Tenant,10,721.62,0.1,6494.58
2024-08-21,Apartment,Suburban,Landlord,8,1503.55,0.19,9743.0
2024-04-12,House,Urban,Landlord,9,1084.28,0.0,9758.52
2024-03-04,Condo,Urban,Landlord,2,1317.69,0.01,2609.03
2024-03-31,Apartment,Urban,Tenant,8,1178.99,0.17,7828.49
2024-01-17,House,Suburban,Tenant,3,796.14,0.28,1719.66
2024-06-06,Apartment,Urban,Tenant,1,1674.89,0.01,1658.14
2024-11-04,Condo,Urban,Tenant,4,2703.71,0.02,10598.54
2024-05-28,Apartment,Suburban,Tenant,1,1387.39,0.18,1137.66
2024-07-16,Condo,Suburban,Tenant,9,2021.32,0.03,17646.12
2024-04-11,Apartment,Urban,Landlord,10,630.96,0.26,4669.1
2024-11-05,House,Urban,Landlord,10,2466.68,0.26,18253.43
2024-12-04,House,Urban,Tenant,3,600.76,0.11,1604.03
2024-10-11,Condo,Urban,Tenant,5,1562.75,0.2,6251.0
2024-11-06,Condo,Urban,Landlord,5,1014.31,0.18,4158.67
2024-05-03,Apartment,Urban,Landlord,3,1603.85,0.03,4667.2
2024-06-03,Apartment,Suburban,Tenant,4,1655.7,0.12,5828.06
2024-01-01,Apartment,Urban,Landlord,6,1725.7,0.01,10250.66
2024-04-12,Apartment,Suburban,Tenant,9,1254.82,0.26,8357.1
2024-07-22,Condo,Urban,Tenant,1,2490.58,0.08,2291.33
2024-07-09,Condo,Urban,Tenant,9,1208.23,0.08,10004.14
2024-12-10,Condo,Suburban,Tenant,9,2726.57,0.14,21103.65
2024-03-20,Condo,Suburban,Tenant,10,1992.93,0.29,14149.8
2024-09-15,Apartment,Urban,Landlord,4,2121.94,0.17,7044.84
2024-05-28,Condo,Urban,Tenant,3,2597.66,0.21,6156.45
2024-04-20,House,Suburban,Tenant,1,2574.2,0.22,2007.88
2024-04-03,Condo,Urban,Landlord,9,2477.81,0.07,20739.27
2024-07-14,Apartment,Urban,Tenant,10,2165.27,0.21,17105.63
2024-10-25,House,Suburban,Tenant,10,2043.56,0.01,20231.24
2024-11-26,Apartment,Suburban,Landlord,8,1446.01,0.28,8329.02
2024-01-14,Condo,Suburban,Tenant,9,2694.22,0.05,23035.58
2024-11-17,Condo,Urban,Landlord,3,2590.38,0.27,5672.93
2024-04-01,Apartment,Suburban,Tenant,2,2731.89,0.11,4862.76
2024-05-12,Apartment,Suburban,Tenant,8,2151.2,0.26,12735.1
2024-02-22,Condo,Urban,Landlord,5,764.51,0.23,2943.36
2024-12-07,House,Urban,Landlord,5,1357.24,0.18,5564.68
2024-10-07,Condo,Suburban,Tenant,5,1965.81,0.19,7961.53
2024-03-28,House,Suburban,Landlord,1,1227.71,0.06,1154.05
2024-01-25,Apartment,Urban,Landlord,9,534.07,0.24,3653.04
2024-07-14,Apartment,Urban,Tenant,8,2537.94,0.19,16445.85
2024-01-14,House,Suburban,Tenant,10,2098.35,0.21,16576.96
2024-04-18,House,Suburban,Landlord,6,2689.37,0.09,14683.96
2024-04-06,Condo,Suburban,Tenant,6,1388.14,0.07,7745.82
2024-01-12,House,Urban,Landlord,3,687.39,0.06,1938.44
2024-10-24,Condo,Urban,Landlord,2,1514.3,0.19,2453.17
2024-08-20,Apartment,Urban,Tenant,10,2168.5,0.15,18432.25
2024-12-12,House,Urban,Tenant,1,1105.1,0.3,773.57
2024-11-10,House,Suburban,Tenant,4,1451.45,0.21,4586.58
2024-02-11,Apartment,Suburban,Landlord,3,2001.38,0.3,4202.9
2024-12-11,House,Urban,Landlord,3,2514.04,0.26,5581.17
2024-11-10,House,Urban,Tenant,2,1394.51,0.11,2482.23
2024-02-11,Condo,Urban,Tenant,6,668.75,0.18,3290.25
2024-11-10,Apartment,Suburban,Tenant,7,1852.05,0.16,10890.05
2024-12-12,House,Suburban,Landlord,10,1142.11,0.05,10850.04
2024-11-26,Condo,Suburban,Landlord,4,1738.11,0.1,6257.2
2024-01-17,Condo,Suburban,Landlord,1,1006.79,0.09,916.18
2024-02-29,Condo,Urban,Tenant,1,1706.78,0.04,1638.51
2024-05-05,House,Urban,Landlord,4,2503.99,0.19,8112.93
2024-06-25,House,Urban,Landlord,5,2475.2,0.13,10767.12
2024-11-01,Condo,Urban,Landlord,4,2108.28,0.14,7252.48
2024-12-24,Condo,Suburban,Tenant,3,2771.53,0.09,7566.28
2024-11-25,Condo,Urban,Landlord,4,1685.65,0.14,5798.64
2024-03-10,House,Urban,Tenant,1,2345.07,0.15,1993.31
2024-07-18,Apartment,Suburban,Landlord,9,2804.39,0.08,23220.35
2024-10-09,Condo,Urban,Landlord,7,1024.32,0.03,6955.13
2024-07-24,Apartment,Suburban,Landlord,6,2982.87,0.03,17360.3
2024-05-27,Condo,Suburban,Landlord,3,587.33,0.08,1621.03
2024-07-25,Apartment,Urban,Tenant,2,2148.24,0.12,3780.9
2024-03-29,Apartment,Suburban,Tenant,5,2680.37,0.13,11659.61
2024-08-23,House,Suburban,Tenant,6,742.05,0.08,4096.12
2024-04-17,Apartment,Urban,Landlord,7,2183.37,0.08,14060.9
2024-08-15,Condo,Urban,Tenant,7,1393.18,0.13,8484.47
2024-01-03,Condo,Urban,Landlord,8,1967.64,0.24,11963.25
2024-08-22,Condo,Suburban,Landlord,9,2176.64,0.03,19002.07
2024-10-28,Apartment,Urban,Landlord,4,2552.05,0.08,9391.54
2024-11-16,Apartment,Urban,Landlord,1,1757.67,0.06,1652.21
2024-06-01,Condo,Suburban,Landlord,1,1128.21,0.13,981.54
2024-04-28,House,Suburban,Landlord,10,2971.1,0.25,22283.25
2024-04-11,Condo,Urban,Landlord,2,1358.22,0.27,1983.0
2024-06-05,Apartment,Urban,Landlord,5,1179.85,0.22,4601.42
2024-09-11,Apartment,Urban,Landlord,7,829.5,0.04,5574.24
2024-09-18,Condo,Suburban,Tenant,3,831.44,0.24,1895.68
2024-11-12,Condo,Suburban,Landlord,2,945.65,0.25,1418.48
2024-07-28,Apartment,Urban,Tenant,1,727.07,0.24,552.57
2024-03-27,Apartment,Suburban,Tenant,6,1189.67,0.09,6495.6
2024-08-10,Apartment,Urban,Tenant,2,2346.88,0.21,3708.07
2024-08-15,Apartment,Urban,Tenant,2,778.82,0.26,1152.65
2024-06-02,Condo,Urban,Landlord,6,934.44,0.03,5438.44
2024-05-31,Condo,Urban,Tenant,8,2721.04,0.02,21332.95
2024-06-25,House,Suburban,Landlord,8,2796.37,0.05,21252.41
2024-03-26,House,Urban,Landlord,7,714.63,0.08,4602.22
2024-07-14,House,Suburban,Landlord,10,1592.69,0.02,15608.36
2024-10-13,House,Urban,Tenant,9,2835.72,0.15,21693.26
2024-09-06,Apartment,Suburban,Landlord,7,1168.8,0.09,7445.26
2024-06-16,House,Urban,Landlord,4,962.02,0.04,3694.16
2024-11-06,Condo,Suburban,Landlord,10,2173.84,0.2,17390.72
2024-06-19,House,Suburban,Landlord,1,2634.01,0.07,2449.63
2024-04-02,Condo,Urban,Tenant,7,975.46,0.15,5803.99
2024-12-10,Condo,Urban,Tenant,9,1738.39,0.0,15645.51
2024-04-25,Condo,Urban,Landlord,9,861.21,0.2,6200.71
2024-06-22,House,Urban,Tenant,2,2843.09,0.15,4833.25
2024-07-07,Apartment,Urban,Tenant,5,1622.42,0.08,7463.13
2024-09-23,House,Urban,Landlord,9,2548.19,0.01,22704.37
2024-02-23,Apartment,Urban,Tenant,2,1811.13,0.2,2897.81
2024-01-12,Apartment,Suburban,Tenant,5,1736.35,0.04,8334.48
2024-08-13,House,Suburban,Tenant,1,1781.49,0.1,1603.34
2024-06-10,Condo,Urban,Tenant,2,1430.09,0.22,2230.94
2024-06-18,Condo,Suburban,Tenant,4,2409.02,0.17,7997.95
2024-10-16,Condo,Urban,Landlord,2,1736.67,0.17,2882.87
2024-04-14,Condo,Urban,Landlord,4,1246.18,0.17,4137.32
2024-04-13,Apartment,Urban,Tenant,8,2878.29,0.09,20953.95
2024-12-04,House,Urban,Landlord,6,2260.09,0.14,11662.06
2024-05-28,Apartment,Suburban,Tenant,6,1208.95,0.25,5440.28
2024-12-20,House,Urban,Tenant,4,2140.22,0.22,6677.49
2024-02-13,House,Urban,Landlord,10,2841.76,0.11,25291.66
2024-09-14,House,Urban,Landlord,10,2354.6,0.22,18365.88
2024-02-29,House,Urban,Landlord,6,2797.66,0.2,13428.77
2024-10-23,Condo,Urban,Tenant,1,2800.07,0.06,2632.07
2024-08-28,Apartment,Suburban,Landlord,6,1171.83,0.1,6327.88
2024-07-26,Apartment,Suburban,Tenant,7,680.66,0.25,3573.46
2024-11-02,Apartment,Suburban,Tenant,6,912.94,0.16,4601.22
2024-02-09,Condo,Urban,Tenant,8,584.84,0.08,4304.42
2024-01-15,House,Urban,Tenant,8,1410.11,0.07,10491.22
2024-03-27,Condo,Urban,Landlord,3,2415.09,0.17,6013.57
2024-11-29,House,Urban,Landlord,6,2798.86,0.15,14274.19
2024-05-17,House,Suburban,Landlord,6,1905.17,0.19,9259.13
2024-11-08,Condo,Suburban,Landlord,9,681.01,0.08,5638.76
2024-01-03,Apartment,Urban,Tenant,8,1545.86,0.11,11006.52
2024-02-04,Condo,Urban,Tenant,6,2061.72,0.02,12122.91
2024-01-22,Condo,Urban,Tenant,8,1024.97,0.23,6313.82
2024-12-20,Condo,Urban,Landlord,10,2931.0,0.13,25499.7
2024-09-18,Condo,Urban,Tenant,4,2139.76,0.12,7531.96
2024-07-23,Condo,Urban,Landlord,1,2193.92,0.14,1886.77
2024-07-26,House,Urban,Tenant,5,1600.43,0.18,6561.76
2024-02-08,Condo,Urban,Landlord,6,1925.6,0.18,9473.95
2024-01-11,Condo,Suburban,Landlord,2,1782.8,0.19,2888.14
2024-05-03,Condo,Suburban,Tenant,7,1324.68,0.12,8160.03
2024-09-01,Condo,Urban,Landlord,10,1191.64,0.25,8937.3
2024-09-12,Condo,Suburban,Landlord,7,1196.86,0.23,6451.08
2024-03-03,House,Suburban,Tenant,8,2228.05,0.16,14972.5
2024-10-15,Apartment,Suburban,Tenant,3,2645.5,0.24,6031.74
2024-01-19,Condo,Suburban,Tenant,7,555.44,0.08,3577.03
2024-06-03,House,Suburban,Tenant,1,1446.65,0.25,1084.99
2024-06-14,House,Suburban,Tenant,1,2868.05,0.09,2609.93
2024-09-13,House,Urban,Landlord,7,1306.59,0.15,7774.21
2024-06-06,Apartment,Suburban,Tenant,2,761.12,0.11,1354.79
2024-02-04,Apartment,Suburban,Landlord,2,1692.26,0.16,2843.0
2024-01-08,House,Urban,Landlord,8,1813.26,0.26,10734.5
2024-02-20,Condo,Suburban,Landlord,6,1944.83,0.0,11668.98
2024-06-24,House,Suburban,Tenant,7,2976.59,0.13,18127.43
2024-03-09,Apartment,Urban,Tenant,3,765.33,0.23,1767.91
2024-12-28,Apartment,Urban,Landlord,5,819.59,0.16,3442.28
2024-08-12,Condo,Urban,Landlord,7,2058.75,0.09,13114.24
2024-02-05,House,Suburban,Tenant,8,584.13,0.03,4532.85
2024-06-23,Apartment,Urban,Landlord,1,714.55,0.07,664.53
2024-11-17,Apartment,Urban,Tenant,5,791.45,0.25,2967.94
2024-10-23,Condo,Suburban,Landlord,5,2034.47,0.06,9562.01
2024-06-03,House,Suburban,Landlord,2,2118.04,0.07,3939.55
2024-02-22,Condo,Urban,Landlord,3,2573.34,0.03,7488.42
2024-01-27,House,Suburban,Landlord,7,1197.79,0.06,7881.46
2024-09-15,Condo,Urban,Landlord,3,505.78,0.17,1259.39
2024-02-27,House,Urban,Landlord,9,1747.47,0.3,11009.06
2024-10-14,Condo,Urban,Tenant,2,548.98,0.24,834.45
2024-01-30,Apartment,Urban,Landlord,8,1221.47,0.2,7817.41
2024-10-21,Apartment,Urban,Landlord,4,2447.71,0.18,8028.49
2024-01-14,Apartment,Urban,Landlord,2,1587.96,0.25,2381.94
2024-10-06,Condo,Suburban,Tenant,4,1724.14,0.22,5379.32
2024-04-14,House,Suburban,Tenant,8,1057.51,0.29,6006.66
2024-03-23,House,Urban,Tenant,7,2520.34,0.18,14466.75
2024-05-04,Apartment,Urban,Landlord,8,1763.9,0.25,10583.4
2024-02-26,House,Urban,Landlord,3,2025.03,0.17,5042.32
2024-01-21,Condo,Suburban,Landlord,3,1136.53,0.01,3375.49
2024-07-13,Condo,Urban,Landlord,3,1033.9,0.28,2233.22
2024-05-13,House,Suburban,Tenant,4,2179.36,0.29,6189.38
2024-12-18,Apartment,Urban,Landlord,4,2995.08,0.17,9943.67
2024-01-08,Apartment,Suburban,Landlord,1,1599.9,0.01,1583.9
2024-12-11,Condo,Urban,Landlord,5,2719.95,0.21,10743.8
2024-08-04,House,Suburban,Landlord,9,1230.17,0.12,9742.95
2024-10-17,Apartment,Suburban,Tenant,2,886.28,0.26,1311.69
2024-06-05,Apartment,Urban,Landlord,4,2922.37,0.18,9585.37
2024-08-21,Condo,Suburban,Tenant,8,1145.61,0.24,6965.31
2024-05-12,Condo,Suburban,Landlord,9,2074.85,0.11,16619.55
2024-03-13,Apartment,Urban,Tenant,3,2680.33,0.06,7558.53
2024-11-14,Apartment,Suburban,Landlord,8,882.28,0.17,5858.34
2024-03-22,Apartment,Urban,Tenant,5,1283.44,0.06,6032.17
2024-09-02,Condo,Urban,Landlord,4,748.53,0.26,2215.65
2024-02-15,Condo,Suburban,Tenant,10,539.98,0.17,4481.83
2024-07-26,Condo,Urban,Landlord,5,1570.04,0.29,5573.64
2024-12-10,House,Suburban,Landlord,1,1161.91,0.02,1138.67
2024-07-15,Apartment,Suburban,Landlord,1,2138.35,0.18,1753.45
2024-02-24,Condo,Urban,Landlord,6,1657.17,0.09,9048.15
2024-07-03,House,Suburban,Landlord,1,2074.23,0.05,1970.52
2024-02-25,House,Urban,Tenant,4,2094.09,0.08,7706.25
2024-07-31,Condo,Suburban,Tenant,4,1592.45,0.07,5923.91
2024-05-23,House,Urban,Landlord,3,2912.95,0.16,7340.63
2024-07-29,Condo,Suburban,Landlord,3,1155.81,0.25,2600.57
2024-04-05,Condo,Suburban,Tenant,9,1160.99,0.2,8359.13
2024-12-25,Apartment,Suburban,Tenant,2,1546.68,0.03,3000.56
2024-09-03,Apartment,Urban,Landlord,1,1674.7,0.06,1574.22
2024-11-11,House,Urban,Tenant,9,1070.52,0.14,8285.82
2024-09-24,House,Urban,Tenant,10,754.93,0.06,7096.34
2024-12-31,House,Urban,Tenant,2,1686.89,0.29,2395.38
2024-11-04,House,Suburban,Tenant,9,741.31,0.27,4870.41
2024-08-06,Apartment,Suburban,Tenant,2,673.56,0.03,1306.71
2024-07-18,Condo,Urban,Landlord,1,1282.7,0.08,1180.08
2024-04-01,House,Urban,Tenant,7,1645.17,0.11,10249.41
2024-04-23,Condo,Urban,Landlord,2,2924.89,0.13,5089.31
2024-08-31,House,Urban,Tenant,5,2982.79,0.04,14317.39
2024-10-02,Apartment,Suburban,Tenant,6,1170.78,0.13,6111.47
2024-08-20,Apartment,Suburban,Tenant,4,1992.84,0.18,6536.52
2024-08-10,Apartment,Suburban,Landlord,2,2956.95,0.06,5559.07
2024-08-07,Apartment,Urban,Tenant,8,957.6,0.18,6281.86
2024-11-27,Apartment,Urban,Tenant,4,2012.66,0.26,5957.47
2024-06-02,Apartment,Suburban,Tenant,4,561.65,0.25,1684.95
2024-07-07,Apartment,Suburban,Landlord,8,1095.76,0.04,8415.44
2024-03-18,Apartment,Suburban,Landlord,1,1581.26,0.25,1185.94
2024-10-11,Apartment,Suburban,Tenant,8,1106.36,0.13,7700.27
2024-01-07,House,Urban,Tenant,10,2046.98,0.14,17604.03
2024-04-08,Apartment,Suburban,Landlord,8,1314.52,0.02,10305.84
2024-09-29,Condo,Suburban,Landlord,6,1781.08,0.09,9724.7
2024-08-11,Condo,Suburban,Landlord,10,2180.84,0.15,18537.14
2024-09-27,Condo,Suburban,Tenant,7,775.49,0.06,5102.72
2024-10-13,House,Urban,Landlord,3,1308.67,0.28,2826.73
2024-06-08,Condo,Urban,Tenant,8,1293.53,0.29,7347.25
2024-02-24,House,Urban,Landlord,6,2751.63,0.28,11887.04
2024-08-02,House,Suburban,Tenant,2,641.78,0.27,937.0
2024-05-19,Apartment,Suburban,Tenant,2,964.36,0.05,1832.28
2024-10-13,Condo,Suburban,Tenant,3,2593.26,0.19,6301.62
2024-03-06,Apartment,Urban,Landlord,1,2058.04,0.14,1769.91
2024-04-19,House,Suburban,Tenant,1,1780.94,0.26,1317.9
2024-04-01,House,Suburban,Landlord,4,2315.63,0.11,8243.64
2024-09-29,Apartment,Urban,Tenant,6,1786.25,0.13,9324.22
2024-01-04,House,Urban,Tenant,9,1639.87,0.23,11364.3
2024-12-14,House,Urban,Tenant,9,734.46,0.1,5949.13
2024-07-23,Condo,Suburban,Tenant,5,654.36,0.26,2421.13
2024-07-12,Apartment,Suburban,Landlord,10,2725.5,0.28,19623.6
2024-02-07,House,Suburban,Landlord,10,1230.48,0.03,11935.66
2024-01-14,Apartment,Urban,Landlord,9,1708.66,0.24,11687.23
2024-07-02,House,Suburban,Tenant,7,2850.32,0.23,15363.22
2024-11-11,House,Urban,Tenant,8,1090.26,0.01,8634.86
2024-10-21,House,Urban,Tenant,7,2257.93,0.02,15489.4
2024-07-08,Condo,Urban,Tenant,4,625.26,0.18,2050.85
2024-11-02,Condo,Urban,Landlord,1,2522.81,0.26,1866.88
2024-10-10,House,Suburban,Landlord,7,1391.13,0.2,7790.33
2024-12-08,House,Urban,Landlord,10,1720.99,0.01,17037.8
2024-03-10,House,Urban,Landlord,3,1935.85,0.08,5342.95
2024-11-23,Apartment,Urban,Landlord,1,2655.04,0.05,2522.29
2024-07-08,House,Urban,Tenant,3,1846.45,0.28,3988.33
2024-04-05,Condo,Suburban,Landlord,4,2572.63,0.18,8438.23
2024-05-14,House,Suburban,Landlord,10,2100.31,0.22,16382.42
2024-11-07,House,Urban,Tenant,7,1656.37,0.1,10435.13
2024-05-28,Condo,Urban,Tenant,9,1822.72,0.21,12959.54
2024-11-11,Condo,Urban,Tenant,9,2620.07,0.18,19336.12
2024-02-03,Condo,Urban,Tenant,4,2746.04,0.07,10215.27
2024-02-06,Apartment,Urban,Tenant,8,2238.85,0.18,14686.86
2024-05-08,Apartment,Urban,Tenant,5,1627.36,0.06,7648.59
2024-09-20,House,Urban,Landlord,2,1405.36,0.22,2192.36
2024-04-04,Apartment,Urban,Landlord,1,2535.45,0.18,2079.07
2024-02-14,Apartment,Urban,Tenant,5,2539.94,0.08,11683.72
2024-03-16,Condo,Urban,Tenant,9,2216.66,0.17,16558.45
2024-02-26,Apartment,Suburban,Tenant,2,845.08,0.12,1487.34
2024-05-11,Condo,Urban,Tenant,3,2338.28,0.0,7014.84
2024-01-01,Condo,Urban,Tenant,4,1750.24,0.29,4970.68
2024-04-04,Condo,Suburban,Tenant,5,562.4,0.11,2502.68
2024-03-01,House,Suburban,Tenant,7,1652.32,0.02,11334.92
2024-03-26,House,Suburban,Landlord,7,2237.93,0.03,15195.54
2024-05-14,Condo,Suburban,Tenant,10,2120.0,0.12,18656.0
2024-08-25,Condo,Urban,Tenant,1,558.83,0.26,413.53
2024-07-11,House,Suburban,Tenant,5,1400.19,0.05,6650.9
2024-08-10,House,Urban,Landlord,10,2253.84,0.0,22538.4
2024-03-01,House,Suburban,Tenant,9,1421.68,0.25,9596.34
2024-04-24,House,Suburban,Landlord,10,1845.93,0.13,16059.59
2024-02-29,Apartment,Urban,Landlord,5,2917.03,0.26,10793.01
2024-12-04,Apartment,Suburban,Landlord,6,2926.92,0.07,16332.21
2024-07-23,Apartment,Urban,Tenant,7,2954.68,0.16,17373.52
2024-10-26,Condo,Urban,Landlord,6,1254.12,0.01,7449.47
2024-10-05,Condo,Suburban,Tenant,2,2690.57,0.11,4789.21
2024-07-19,House,Suburban,Tenant,1,1290.4,0.08,1187.17
2024-08-26,House,Urban,Landlord,8,512.28,0.02,4016.28
2024-03-08,House,Suburban,Tenant,5,573.23,0.17,2378.9
2024-01-12,Condo,Suburban,Tenant,7,2573.46,0.19,14591.52
2024-10-23,Apartment,Suburban,Tenant,2,1683.62,0.19,2727.46
2024-10-14,House,Urban,Landlord,1,1838.91,0.08,1691.8
2024-07-19,House,Suburban,Tenant,2,1263.82,0.07,2350.71
2024-03-03,Apartment,Urban,Landlord,4,1679.44,0.18,5508.56
2024-10-09,Apartment,Urban,Landlord,3,2240.17,0.0,6720.51
2024-12-22,Apartment,Suburban,Landlord,6,2537.38,0.3,10657.0
2024-05-14,House,Urban,Tenant,9,1155.41,0.28,7487.06
2024-03-16,House,Suburban,Tenant,4,2183.95,0.27,6377.13
2024-02-08,Condo,Urban,Landlord,7,1670.35,0.21,9237.04
2024-02-21,Apartment,Urban,Tenant,5,2305.2,0.02,11295.48
2024-01-05,Apartment,Suburban,Tenant,3,2441.86,0.12,6446.51
2024-09-14,Condo,Urban,Landlord,4,776.34,0.19,2515.34
2024-03-07,Apartment,Urban,Landlord,2,1324.97,0.26,1960.96
2024-05-23,Apartment,Suburban,Tenant,5,2108.63,0.2,8434.52
2024-01-08,House,Suburban,Landlord,4,2780.8,0.07,10344.58
2024-05-12,House,Urban,Landlord,4,1147.47,0.02,4498.08
2024-09-23,Condo,Urban,Tenant,5,1560.36,0.12,6865.58
2024-05-03,Condo,Suburban,Landlord,3,2761.75,0.08,7622.43
2024-10-09,Condo,Urban,Landlord,1,2080.97,0.05,1976.92
2024-12-15,House,Suburban,Landlord,3,1275.31,0.17,3175.52
2024-04-22,Apartment,Urban,Landlord,3,1143.24,0.02,3361.13
2024-02-05,Apartment,Urban,Tenant,4,1119.88,0.22,3494.03
2024-03-26,Apartment,Suburban,Tenant,1,2276.22,0.21,1798.21
2024-01-17,Condo,Suburban,Landlord,8,1502.33,0.18,9855.28
2024-02-05,House,Urban,Tenant,4,1988.61,0.28,5727.2
2024-05-27,Apartment,Suburban,Landlord,8,724.82,0.03,5624.6
2024-11-06,House,Urban,Tenant,7,2022.66,0.02,13875.45
2024-03-12,Condo,Urban,Landlord,1,2367.96,0.13,2060.13
2024-10-28,Apartment,Suburban,Tenant,3,645.67,0.07,1801.42
2024-08-20,House,Suburban,Landlord,1,2037.87,0.22,1589.54
2024-08-13,Apartment,Urban,Tenant,2,1333.47,0.19,2160.22
2024-02-16,Condo,Urban,Tenant,7,2669.26,0.17,15508.4
2024-10-02,House,Urban,Landlord,2,1395.08,0.1,2511.14
2024-03-05,House,Suburban,Tenant,1,1326.29,0.03,1286.5
2024-07-03,House,Suburban,Landlord,6,1659.21,0.13,8661.08
2024-01-09,Condo,Urban,Landlord,7,2967.93,0.15,17659.18
2024-04-02,Condo,Urban,Landlord,1,1056.08,0.01,1045.52
2024-01-17,Condo,Urban,Tenant,7,1649.12,0.29,8196.13
2024-11-04,Apartment,Urban,Tenant,6,2608.58,0.08,14399.36
2024-10-25,Apartment,Suburban,Landlord,8,2901.81,0.0,23214.48
2024-10-13,Condo,Urban,Landlord,7,1040.39,0.11,6481.63
2024-05-05,Apartment,Urban,Tenant,6,2640.86,0.21,12517.68
2024-10-08,Apartment,Urban,Landlord,8,2167.96,0.07,16129.62
2024-03-17,Apartment,Suburban,Tenant,3,974.34,0.02,2864.56
2024-06-11,Apartment,Suburban,Landlord,2,2795.43,0.16,4696.32
2024-07-25,Condo,Urban,Landlord,10,1578.81,0.02,15472.34
2024-07-27,House,Urban,Tenant,1,1039.29,0.14,893.79
2024-02-29,Condo,Urban,Tenant,2,2814.41,0.02,5516.24
2024-01-17,Apartment,Urban,Landlord,6,1176.19,0.15,5998.57
2024-10-26,Apartment,Suburban,Tenant,2,2636.17,0.21,4165.15
2024-07-12,House,Urban,Tenant,2,1891.73,0.04,3632.12
2024-10-04,House,Urban,Tenant,8,733.85,0.07,5459.84
2024-02-14,Condo,Suburban,Tenant,7,2028.29,0.14,12210.31
2024-08-26,House,Urban,Landlord,1,2372.08,0.13,2063.71
2024-09-21,House,Urban,Tenant,4,1662.72,0.0,6650.88
2024-12-19,Apartment,Urban,Tenant,1,779.02,0.2,623.22
2024-05-01,Condo,Suburban,Landlord,1,748.49,0.04,718.55
2024-12-15,Condo,Suburban,Tenant,4,1652.59,0.27,4825.56
2024-06-14,Condo,Urban,Landlord,7,629.82,0.12,3879.69
2024-01-01,House,Urban,Landlord,5,2997.77,0.19,12140.97
2024-07-08,Apartment,Suburban,Landlord,2,1469.88,0.12,2586.99
2024-04-27,House,Suburban,Landlord,3,631.6,0.17,1572.68
2024-03-23,Condo,Suburban,Tenant,5,2121.16,0.22,8272.52
2024-10-07,Condo,Suburban,Landlord,4,2726.67,0.04,10470.41
2024-01-10,House,Urban,Tenant,1,709.35,0.19,574.57
2024-01-19,Apartment,Suburban,Landlord,9,2023.96,0.07,16940.55
2024-05-14,House,Suburban,Landlord,3,960.48,0.25,2161.08
2024-04-09,House,Suburban,Tenant,10,512.95,0.19,4154.9
2024-02-09,Condo,Suburban,Landlord,10,2209.14,0.23,17010.38
2024-10-01,House,Urban,Landlord,4,1140.36,0.08,4196.52
2024-07-07,Apartment,Urban,Tenant,7,2902.83,0.22,15849.45
2024-08-23,Apartment,Urban,Landlord,1,1456.62,0.22,1136.16
2024-12-08,Condo,Suburban,Landlord,7,1983.58,0.0,13885.06
2024-11-10,House,Urban,Landlord,3,2726.83,0.1,7362.44
2024-12-17,Condo,Suburban,Tenant,5,1034.0,0.07,4808.1
2024-12-12,Apartment,Suburban,Tenant,8,1988.8,0.22,12410.11
2024-02-19,Apartment,Suburban,Tenant,5,2779.82,0.12,12231.21
2024-06-10,Condo,Suburban,Landlord,10,1421.85,0.26,10521.69
2024-09-19,Apartment,Urban,Tenant,7,1968.31,0.16,11573.66
2024-08-21,Condo,Urban,Tenant,6,2710.1,0.03,15772.78
2024-06-05,Condo,Urban,Landlord,8,869.8,0.25,5218.8
2024-02-29,Condo,Urban,Tenant,10,1878.87,0.14,16158.28
2024-07-24,Condo,Urban,Landlord,3,2434.31,0.21,5769.31
2024-02-06,House,Suburban,Landlord,9,2327.59,0.13,18225.03
2024-09-01,Apartment,Urban,Tenant,3,1031.75,0.02,3033.34
2024-05-17,House,Urban,Tenant,10,2844.86,0.06,26741.68
2024-10-11,Apartment,Suburban,Landlord,1,1030.11,0.09,937.4
2024-02-22,Apartment,Suburban,Tenant,8,541.44,0.29,3075.38
2024-06-11,House,Urban,Landlord,8,553.06,0.07,4114.77
2024-01-13,Condo,Urban,Landlord,1,2111.37,0.08,1942.46
2024-12-06,Condo,Urban,Landlord,10,1929.27,0.1,17363.43
2024-08-10,Condo,Urban,Tenant,1,1542.74,0.27,1126.2
2024-10-30,Condo,Suburban,Landlord,6,1139.94,0.04,6566.05
2024-10-21,House,Suburban,Landlord,6,1830.55,0.03,10653.8
2024-04-07,Apartment,Urban,Tenant,9,2659.45,0.05,22738.3
2024-07-31,Condo,Suburban,Landlord,4,1377.46,0.2,4407.87
2024-01-01,Apartment,Suburban,Landlord,8,2620.26,0.14,18027.39
2024-11-06,House,Urban,Landlord,5,777.07,0.05,3691.08
2024-08-14,Apartment,Urban,Landlord,5,2150.12,0.0,10750.6
2024-05-26,Apartment,Suburban,Tenant,9,1427.95,0.21,10152.72
2024-06-18,Apartment,Urban,Landlord,9,2207.48,0.16,16688.55
2024-12-14,House,Urban,Landlord,10,2926.61,0.28,21071.59
2024-07-21,Condo,Urban,Landlord,5,2798.6,0.27,10214.89
2024-08-11,Apartment,Urban,Landlord,7,1382.66,0.14,8323.61
2024-08-28,House,Urban,Tenant,1,1118.28,0.11,995.27
2024-09-04,Apartment,Suburban,Landlord,8,1988.06,0.14,13677.85
2024-03-27,House,Suburban,Tenant,4,2305.81,0.21,7286.36
2024-11-07,House,Urban,Tenant,5,2050.64,0.14,8817.75
2024-08-03,House,Suburban,Landlord,5,2259.13,0.14,9714.26
2024-08-13,Apartment,Urban,Landlord,1,1218.42,0.05,1157.5
2024-01-26,House,Suburban,Landlord,4,2924.81,0.22,9125.41
2024-01-10,Apartment,Urban,Tenant,5,2711.03,0.19,10979.67
2024-12-12,House,Suburban,Landlord,6,2475.69,0.13,12923.1
2024-06-13,House,Suburban,Landlord,2,1337.07,0.26,1978.86
2024-01-04,Condo,Suburban,Landlord,10,2193.77,0.09,19963.31
2024-07-21,House,Suburban,Landlord,1,2678.34,0.1,2410.51
2024-04-14,House,Suburban,Landlord,5,2882.32,0.2,11529.28
2024-05-31,Condo,Urban,Landlord,10,607.03,0.11,5402.57
2024-07-25,Condo,Suburban,Tenant,4,1698.72,0.19,5503.85
2024-02-05,Condo,Urban,Tenant,4,732.51,0.08,2695.64
2024-05-04,Apartment,Urban,Tenant,9,659.58,0.29,4214.72
2024-07-13,Condo,Urban,Landlord,10,1338.57,0.03,12984.13
2024-01-01,Apartment,Suburban,Landlord,3,1429.84,0.24,3260.04
2024-03-30,Condo,Suburban,Tenant,1,2786.35,0.18,2284.81
2024-07-03,Condo,Suburban,Landlord,8,755.64,0.24,4594.29
2024-08-03,Apartment,Suburban,Landlord,4,1112.1,0.29,3158.36
2024-07-12,Condo,Suburban,Landlord,9,2974.62,0.23,20614.12
2024-09-14,Apartment,Urban,Tenant,5,1091.3,0.02,5347.37
2024-03-20,Apartment,Urban,Landlord,8,1991.72,0.14,13703.03
2024-08-10,House,Urban,Landlord,3,2158.26,0.28,4661.84
2024-03-23,House,Urban,Landlord,8,978.91,0.28,5638.52
2024-05-16,House,Suburban,Landlord,4,522.29,0.13,1817.57
2024-05-19,House,Suburban,Landlord,9,685.28,0.11,5489.09
2024-01-23,House,Suburban,Landlord,5,1791.48,0.0,8957.4
2024-07-27,House,Suburban,Landlord,8,1421.04,0.09,10345.17
2024-12-20,Condo,Suburban,Landlord,10,2655.42,0.17,22039.99
2024-10-29,Condo,Urban,Landlord,10,2125.58,0.1,19130.22
2024-02-19,Condo,Urban,Tenant,4,1991.49,0.25,5974.47
2024-07-08,Apartment,Suburban,Landlord,9,696.73,0.09,5706.22
2024-07-09,House,Suburban,Tenant,2,1839.11,0.1,3310.4
2024-11-04,House,Suburban,Landlord,2,2359.33,0.12,4152.42
2024-07-06,Apartment,Urban,Landlord,2,2630.7,0.09,4787.87
2024-06-07,Apartment,Urban,Landlord,6,1511.93,0.28,6531.54
2024-06-28,Apartment,Urban,Landlord,6,1680.71,0.19,8168.25
2024-12-10,Condo,Suburban,Landlord,9,2122.05,0.11,16997.62
2024-04-10,House,Suburban,Landlord,10,2948.54,0.15,25062.59
2024-09-23,Condo,Urban,Tenant,8,1006.09,0.05,7646.28
2024-10-18,Condo,Urban,Landlord,5,1782.53,0.22,6951.87
2024-09-24,Condo,Urban,Tenant,6,1032.69,0.05,5886.33
2024-06-19,Condo,Suburban,Landlord,2,1889.08,0.29,2682.49
2024-05-07,Condo,Urban,Landlord,7,2583.07,0.26,13380.3
2024-12-14,Condo,Suburban,Tenant,3,2775.26,0.25,6244.34
2024-07-09,Condo,Urban,Tenant,10,1179.33,0.01,11675.37
2024-07-27,Condo,Urban,Landlord,9,1522.46,0.23,10550.65
2024-05-19,Condo,Urban,Landlord,5,1606.27,0.16,6746.33
2024-02-06,Apartment,Urban,Tenant,10,2603.25,0.05,24730.88
2024-09-09,Apartment,Urban,Tenant,8,2523.7,0.2,16151.68
2024-01-28,Condo,Urban,Landlord,9,2280.13,0.09,18674.26
2024-07-23,Apartment,Urban,Tenant,8,2989.85,0.12,21048.54
2024-08-13,House,Urban,Landlord,8,1609.27,0.29,9140.65
2024-05-02,Apartment,Urban,Tenant,8,998.4,0.02,7827.46
2024-11-13,Condo,Urban,Tenant,6,1218.75,0.27,5338.12
2024-07-12,House,Suburban,Tenant,4,2026.32,0.21,6403.17
2024-01-18,Condo,Urban,Tenant,9,1237.25,0.04,10689.84
2024-10-08,Apartment,Urban,Landlord,9,2604.42,0.25,17579.84
2024-02-18,Apartment,Urban,Tenant,5,1394.92,0.23,5370.44
2024-06-20,Condo,Suburban,Landlord,10,731.84,0.23,5635.17
2024-07-27,Condo,Suburban,Tenant,7,1171.66,0.24,6233.23
2024-11-20,House,Urban,Tenant,3,721.51,0.05,2056.3
2024-04-28,House,Urban,Tenant,4,857.59,0.04,3293.15
2024-02-19,Apartment,Urban,Tenant,5,1152.31,0.13,5012.55
2024-06-30,Condo,Urban,Landlord,3,1242.23,0.12,3279.49
2024-02-18,Condo,Suburban,Tenant,2,1034.81,0.26,1531.52
2024-12-21,Apartment,Urban,Landlord,4,681.37,0.14,2343.91
2024-10-03,Apartment,Suburban,Landlord,10,1081.1,0.02,10594.78
2024-05-06,House,Suburban,Tenant,9,1977.64,0.08,16374.86
2024-01-13,Condo,Suburban,Landlord,9,697.25,0.12,5522.22
2024-06-09,Apartment,Suburban,Tenant,8,580.93,0.02,4554.49
2024-11-16,Apartment,Suburban,Landlord,7,617.01,0.27,3152.92
2024-08-19,Condo,Suburban,Landlord,4,2540.01,0.17,8432.83
2024-05-30,House,Suburban,Tenant,8,1733.24,0.07,12895.31
2024-10-28,House,Urban,Landlord,1,1277.58,0.2,1022.06
2024-10-03,Condo,Urban,Landlord,6,542.15,0.15,2764.96
2024-10-03,House,Suburban,Tenant,3,1880.96,0.23,4345.02
2024-01-16,Apartment,Urban,Landlord,9,2483.76,0.2,17883.07
2024-02-11,Apartment,Urban,Landlord,1,1401.9,0.01,1387.88
2024-11-20,Apartment,Urban,Tenant,9,1440.46,0.24,9852.75
2024-10-06,Condo,Urban,Landlord,10,2294.76,0.15,19505.46
2024-12-12,Condo,Suburban,Landlord,2,1649.68,0.14,2837.45
2024-07-11,House,Urban,Tenant,2,1164.23,0.11,2072.33
2024-03-01,Condo,Suburban,Tenant,9,1687.07,0.24,11539.56
2024-11-05,Condo,Suburban,Tenant,9,1040.3,0.21,7396.53
2024-03-31,House,Suburban,Landlord,8,1200.78,0.26,7108.62
2024-02-28,House,Suburban,Tenant,9,1413.01,0.27,9283.48
2024-02-12,House,Urban,Landlord,9,2570.63,0.01,22904.31
2024-01-05,Condo,Urban,Tenant,3,2463.03,0.19,5985.16
2024-12-16,Apartment,Urban,Landlord,7,2188.79,0.27,11184.72
2024-08-01,House,Urban,Landlord,5,1277.8,0.23,4919.53
2024-09-11,Apartment,Suburban,Tenant,1,2429.6,0.01,2405.3
2024-06-21,Condo,Suburban,Tenant,8,2894.97,0.08,21306.98
2024-07-10,Condo,Urban,Landlord,4,1613.35,0.27,4710.98
2024-11-19,Apartment,Suburban,Tenant,5,2068.15,0.11,9203.27
2024-05-03,Apartment,Urban,Landlord,6,1862.01,0.19,9049.37
2024-10-06,Apartment,Urban,Tenant,10,2539.63,0.15,21586.86
2024-02-13,Apartment,Urban,Tenant,8,802.61,0.15,5457.75
2024-03-05,House,Urban,Landlord,10,1533.1,0.13,13337.97
2024-04-27,Condo,Urban,Landlord,4,2166.41,0.06,8145.7
2024-09-17,Condo,Suburban,Landlord,4,769.49,0.04,2954.84
2024-02-20,Condo,Urban,Tenant,5,1909.73,0.24,7256.97
2024-10-19,Condo,Suburban,Tenant,2,2336.73,0.28,3364.89
2024-07-16,Condo,Suburban,Landlord,7,2420.0,0.15,14399.0
2024-11-05,Apartment,Urban,Landlord,5,2069.27,0.26,7656.3
2024-10-12,Condo,Suburban,Tenant,1,1528.82,0.1,1375.94
2024-04-16,Condo,Suburban,Landlord,10,2513.48,0.24,19102.45
2024-09-21,House,Urban,Landlord,8,752.99,0.19,4879.38
2024-09-24,House,Urban,Tenant,6,983.0,0.03,5721.06
2024-03-21,House,Suburban,Tenant,6,2936.44,0.17,14623.47
2024-12-05,Condo,Urban,Landlord,7,2857.49,0.1,18002.19
2024-06-04,Apartment,Suburban,Tenant,2,927.95,0.0,1855.9
2024-04-05,Condo,Suburban,Tenant,1,2387.78,0.12,2101.25
2024-06-08,Condo,Suburban,Landlord,3,2175.95,0.16,5483.39
2024-09-21,Apartment,Suburban,Landlord,1,918.32,0.29,652.01
2024-07-06,Apartment,Suburban,Tenant,8,1297.65,0.25,7785.9
2024-08-21,House,Suburban,Tenant,7,1913.32,0.21,10580.66
2024-08-31,Condo,Suburban,Tenant,3,2402.79,0.03,6992.12
2024-12-23,House,Suburban,Landlord,5,2190.0,0.17,9088.5
2024-09-19,Apartment,Suburban,Tenant,3,1503.19,0.24,3427.27
2024-05-17,Apartment,Suburban,Tenant,6,2173.96,0.29,9261.07
2024-07-27,Condo,Urban,Tenant,3,1459.76,0.3,3065.5
2024-12-12,Apartment,Urban,Tenant,3,2467.75,0.01,7329.22
2024-11-05,Apartment,Urban,Tenant,10,1654.84,0.05,15720.98
2024-03-27,Condo,Suburban,Landlord,6,501.4,0.04,2888.06
2024-12-02,Apartment,Suburban,Tenant,4,2056.9,0.16,6911.18
2024-06-22,Condo,Suburban,Landlord,8,506.77,0.07,3770.37
2024-03-26,House,Urban,Landlord,2,2928.57,0.15,4978.57
2024-04-16,Condo,Urban,Landlord,7,714.41,0.18,4100.71
2024-02-07,Condo,Urban,Landlord,5,664.15,0.04,3187.92
2024-12-25,Apartment,Urban,Tenant,3,2061.52,0.18,5071.34
2024-04-27,Condo,Urban,Landlord,3,934.2,0.27,2045.9
2024-10-09,Condo,Urban,Tenant,5,1217.31,0.21,4808.37
2024-05-09,House,Suburban,Tenant,2,907.68,0.18,1488.6
2024-12-01,House,Urban,Landlord,8,1248.78,0.1,8991.22
2024-01-23,Apartment,Urban,Landlord,1,1407.34,0.01,1393.27
2024-07-05,House,Suburban,Tenant,10,2579.24,0.28,18570.53
2024-10-22,House,Suburban,Landlord,7,1009.55,0.17,5865.49
2024-01-21,House,Urban,Tenant,8,788.43,0.03,6118.22
2024-11-02,Apartment,Urban,Tenant,2,1262.75,0.29,1793.1
2024-05-02,Apartment,Suburban,Tenant,10,899.85,0.22,7018.83
2024-10-13,Condo,Urban,Landlord,8,1213.11,0.1,8734.39
2024-01-01,Condo,Urban,Tenant,8,1215.42,0.06,9139.96
2024-03-11,House,Suburban,Tenant,2,2802.12,0.1,5043.82
2024-10-12,House,Suburban,Landlord,1,2605.53,0.28,1875.98
2024-01-23,Apartment,Urban,Landlord,1,1286.6,0.27,939.22
2024-03-21,Apartment,Suburban,Tenant,5,2676.02,0.02,13112.5
2024-02-09,Condo,Suburban,Landlord,6,1371.83,0.24,6255.54
2024-10-24,Condo,Suburban,Landlord,7,622.89,0.1,3924.21
2024-12-27,Condo,Urban,Tenant,1,890.11,0.28,640.88
2024-05-27,Apartment,Suburban,Tenant,2,2419.63,0.1,4355.33
2024-05-10,Condo,Urban,Tenant,3,2551.15,0.01,7576.92
2024-12-22,House,Suburban,Tenant,4,2507.95,0.11,8928.3
2024-06-05,Condo,Urban,Landlord,4,1970.21,0.21,6225.86
2024-12-06,Apartment,Urban,Landlord,10,2307.55,0.23,17768.14
2024-06-07,Condo,Suburban,Landlord,9,1953.26,0.02,17227.75
2024-02-02,House,Suburban,Tenant,4,2136.59,0.3,5982.45
2024-08-17,Apartment,Urban,Landlord,9,1156.02,0.19,8427.39
2024-03-30,Apartment,Urban,Landlord,8,740.66,0.26,4384.71
2024-04-01,House,Urban,Tenant,7,578.15,0.18,3318.58
2024-06-18,Apartment,Suburban,Landlord,2,1219.98,0.06,2293.56
2024-12-06,Apartment,Urban,Landlord,4,1355.32,0.27,3957.53
2024-10-13,Apartment,Urban,Landlord,9,1916.44,0.3,12073.57
2024-06-30,House,Suburban,Tenant,2,1871.96,0.26,2770.5
2024-10-16,Condo,Urban,Landlord,5,1121.93,0.2,4487.72
2024-04-19,House,Suburban,Landlord,8,2612.87,0.02,20484.9
2024-03-16,Condo,Urban,Landlord,7,2786.71,0.02,19116.83
2024-09-07,House,Urban,Landlord,2,1571.72,0.21,2483.32
2024-12-20,House,Suburban,Tenant,1,1095.21,0.23,843.31
2024-04-17,House,Suburban,Landlord,7,1915.5,0.16,11263.14
2024-04-08,House,Suburban,Landlord,2,1207.17,0.0,2414.34
2024-03-20,House,Urban,Tenant,3,1493.19,0.04,4300.39
2024-12-14,Condo,Urban,Tenant,9,969.1,0.27,6366.99
2024-11-22,Condo,Suburban,Tenant,8,1980.94,0.14,13628.87
2024-06-16,Condo,Urban,Tenant,5,1410.2,0.26,5217.74
2024-11-16,Apartment,Suburban,Tenant,7,2375.57,0.29,11806.58
2024-02-26,Condo,Suburban,Tenant,9,2762.52,0.23,19144.26
2024-10-06,House,Suburban,Landlord,9,2775.07,0.26,18481.97
2024-11-23,House,Urban,Tenant,5,1871.6,0.17,7767.14
2024-07-05,Condo,Suburban,Landlord,6,1693.53,0.17,8433.78
2024-03-22,Apartment,Suburban,Landlord,8,1442.45,0.2,9231.68
2024-03-22,House,Urban,Landlord,4,991.67,0.25,2975.01
2024-10-26,House,Suburban,Landlord,10,1899.3,0.1,17093.7
2024-07-26,House,Suburban,Tenant,1,2540.67,0.25,1905.5
2024-02-12,Condo,Urban,Landlord,6,1606.28,0.18,7902.9
2024-10-18,Condo,Suburban,Tenant,7,1008.43,0.16,5929.57
2024-01-26,Condo,Urban,Tenant,2,2489.03,0.07,4629.6
2024-07-03,Apartment,Urban,Tenant,5,689.25,0.29,2446.84
2024-01-13,Condo,Suburban,Landlord,2,2372.24,0.06,4459.81
2024-05-16,Condo,Urban,Landlord,8,2972.38,0.05,22590.09
2024-01-03,Condo,Suburban,Landlord,9,1311.23,0.05,11211.02
2024-12-21,House,Suburban,Landlord,3,2338.26,0.04,6734.19
2024-08-19,House,Suburban,Landlord,8,2947.14,0.25,17682.84
2024-02-01,House,Urban,Landlord,1,2862.97,0.06,2691.19
2024-08-11,Condo,Urban,Tenant,10,987.47,0.15,8393.5
2024-03-10,Condo,Suburban,Tenant,6,1440.54,0.1,7778.92
2024-12-13,Apartment,Urban,Tenant,9,2734.76,0.01,24366.71
2024-03-22,House,Urban,Tenant,7,2521.3,0.05,16766.64
2024-08-23,Apartment,Suburban,Landlord,7,907.85,0.07,5910.1
2024-02-05,House,Suburban,Landlord,10,2360.79,0.2,18886.32
2024-08-31,Condo,Suburban,Tenant,1,1308.52,0.19,1059.9
2024-08-02,Condo,Suburban,Tenant,2,1418.79,0.21,2241.69
2024-09-27,House,Suburban,Tenant,9,1576.99,0.2,11354.33
2024-05-23,Condo,Urban,Tenant,10,2596.63,0.1,23369.67
2024-03-19,Condo,Urban,Tenant,3,1719.56,0.27,3765.84
2024-06-27,Apartment,Suburban,Tenant,4,1875.12,0.28,5400.35
2024-05-14,Condo,Urban,Tenant,7,1573.32,0.27,8039.67
2024-11-09,Apartment,Suburban,Tenant,10,2355.66,0.16,19787.54
2024-01-11,Apartment,Suburban,Landlord,7,1246.13,0.22,6803.87
2024-11-15,Condo,Urban,Landlord,7,643.07,0.03,4366.45
2024-02-28,Condo,Suburban,Landlord,3,584.27,0.14,1507.42
2024-07-12,House,Suburban,Landlord,4,2542.84,0.15,8645.66
